SQL> select 'ENAME' || 'JOB'
    FROM EMP;

'ENAME'|
--------
ENAMEJOB
ENAMEJOB
ENAMEJOB
ENAMEJOB
ENAMEJOB
ENAMEJOB
ENAMEJOB
ENAMEJOB
ENAMEJOB
ENAMEJOB
ENAMEJOB
ENAMEJOB
ENAMEJOB
ENAMEJOB

14 rows selected.


  1  select ' ENAME ' || ' JOB '
  2 FROM EMP;


'ENAME'||'JO
------------
 ENAME  JOB
 ENAME  JOB
 ENAME  JOB
 ENAME  JOB
 ENAME  JOB
 ENAME  JOB
 ENAME  JOB
 ENAME  JOB
 ENAME  JOB
 ENAME  JOB
 ENAME  JOB
 ENAME  JOB
 ENAME  JOB
 ENAME  JOB

14 rows selected.

SQL> 